Var1_1,Var1_2,Var1_3,Var1_4,Var1_5,Var1_6
-0.238087588589982,-0.615482630786027,8.35946569673982e-07,-2.70223448870287e-07,0.00768265594861592,3.47641524000001
-51.8183714113501,-3.71621817526665,3.73100196395888e-05,8.05736874807029e-05,0.277982262081355,6.68649141
-0.605800097870301,-0.844425820978365,0.000150064172523495,-0.000649935911318916,0.0143190889061283,9.64466785
-2.38758813293631,-1.33517695012941,0.000145842419570509,-0.000622702772098043,0.0357275076396535,12.36483617
-1.93399680280922,-1.24396962872151,0.000235456064544457,-0.00127737916398182,0.0310455962775339,14.86035521
-0.00568559877896187,-0.178216851375263,0.000311522308774679,-0.00194396631839894,0.00063710892563463,17.14406582
-11.1282929990073,-2.23095580336427,0.000360658633629515,-0.00242158382001833,0.0996893859072673,19.22830521
-2.93775229527961,-1.43004703965744,0.000398622060025179,-0.00281382445848597,0.0410241555476635,21.12492113
-2.12176365428872,-1.28490257935482,0.000466385909828094,-0.00356100955165089,0.0330238724766456,22.84528572
-8.33169528549378,-2.02169020824464,3.96970894567239e-05,8.84286625613805e-05,0.0821960049620423,24.40030902
-66.522962218384,-4.04933880499756,0.000495533343926795,-0.00389999753062347,0.328355504966898,25.80045229
-1.49140051121272,-1.14188528671441,0.000539438458387962,-0.00442963421452884,0.0261071495775041,27.05574101
-20.3446216100333,-2.72986706711054,0.00049148886238879,-0.00385234813964604,0.149049231151683,28.17577759
-0.4460628767062,-0.762189780684913,0.000537956789403926,-0.00441139651771327,0.0116759659927034,29.16975386
-19.2789799599028,-2.67656429159543,0.000512902656653114,-0.00410683665288442,0.143797731862384,30.04646328
-13.1322304940427,-2.35855516032814,0.0005397418033474,-0.00443337114543251,0.111324043996052,30.81431285
-15.0234247104831,-2.46603554559345,0.00058857438311964,-0.005048438160717,0.121770630392013,31.48133485
-14.4005789166301,-2.43277234480075,0.000639098916558167,-0.00571224897568594,0.118381352095918,32.05519823
-11.3944325800811,-2.24982466205737,0.000679957363076366,-0.00626870060293894,0.101272560478333,32.54321984
-15.4293792864392,-2.48817182465593,0.000500915337090695,-0.00396370660624071,0.123954483211578,32.95237535
-9.78944058708521,-2.13710378721247,0.000450755610532385,-0.00338350418675389,0.0915240119359612,33.28930998
-26.2559519114642,-2.96804308596787,0.000488570941241178,-0.00381809258833475,0.17667758162767,33.56034894
-16.7647362739435,-2.55551382050356,0.000506147194740462,-0.00402596743688666,0.131006854414799,33.77150774
-11.8612282226165,-2.27867766748499,0.000511159872387339,-0.0040859226056064,0.104019867724615,33.92850209
-1.69929093573135,-1.18987094817199,0.000457852022193199,-0.00346371947539554,0.0284800094059783,34.03675781
-26.5766383452907,-2.98411952406515,0.000457903703043924,-0.00346430595224657,0.178113440644344,34.10142029
-5.76076954558135,-1.79154398641352,0.000464196424688495,-0.0035359628473706,0.0642712757728486,34.1273639
-40.1638383581281,-3.42391602248227,0.000471943484282837,-0.00362484965447683,0.234559734236287,34.1273639
-22.394212760792,-2.8177227368049,0.000475565192369621,-0.00366665540776566,0.158898759105484,34.1273639
-41.1927338235966,-3.45359580915785,0.000486895940715983,-0.00379847469598343,0.238548710190532,34.1273639
-17.4798143172868,-2.5940043898664,0.000452385173085638,-0.00340186872827275,0.134706274579324,34.1273639
-42.4638686555918,-3.48694628667336,0.000493994234392997,-0.00388184175235593,0.243431240117208,34.1273639
-31.6089907155765,-3.16108880760694,0.000537839443365063,-0.00440995319079384,0.199941864388204,34.1273639
-23.4575271602608,-2.86208082707369,0.000539032928920275,-0.00442464010597338,0.163889629779945,34.1273639
517.81533677863,8.04920983624236,6.4889812460525e-05,0.000184807610347646,1.28967056551108,34.52961374
-34.7124665301341,-3.26066731202684,0.000496524896806497,-0.00391170910877957,0.212823839174787,34.94201186
-11.2034640255056,-2.23628113032275,0.000492835082734284,-0.00386818672559238,0.10013782171055,35.34777817
-59.1015129138042,-3.89264343316409,0.000532349437061281,-0.00434260377177135,0.30345593668745,35.74839346
-27.8994115907552,-3.03150848903001,0.000510928754479641,-0.00408315178042358,0.183975494559011,36.14520649
-6.38750392390652,-1.8516001193235,0.000502503676768403,-0.00398257416643891,0.0688520038392844,36.53944019
-55.3126255672669,-3.80852705010519,0.000539499488378329,-0.00443038596172708,0.290343968292343,36.93219767
-35.0107485347659,-3.27082672580808,0.000485097537709943,-0.00377744902059648,0.214041303338523,37.32446801
-31.6026667624364,-3.15985247170568,0.000505327328399592,-0.00401618940016293,0.199915171612872,37.71713194
-48.5453969385665,-3.64521868706261,0.000523444241592703,-0.0042340954712167,0.266151296170985,38.11096728
-54.6474864707795,-3.79419429669433,0.000509954846039625,-0.00407148267854365,0.288011691490322,38.50665425
-60.6273395104081,-3.92731809807157,0.000509394433961792,-0.00406477302068315,0.308656659821421,38.90478065
-11.8735750826366,-2.27954829047492,0.000493320251460878,-0.00387390015327374,0.104092043812727,39.30584681
-77.728291134369,-4.26633260515491,0.000504283801089288,-0.00400375536203922,0.364263834415992,39.71027039
-20.5746554752077,-2.73926470335202,0.000542631029445136,-0.00446901634984309,0.150170636381451,40.11839111
-57.0339933448481,-3.84571209276654,0.000553967813153121,-0.00460979703880985,0.296336860777318,40.53047525
-69.7932023722676,-4.1170891772432,0.000522024212501873,-0.00421687742309413,0.339030481160326,40.94671998
-101.086465465704,-4.65651655947747,0.000522607576082109,-0.00422394795473778,0.434002241170701,41.36725766
-42.0254815024919,-3.47564555064328,0.000561915125704419,-0.00470935132641869,0.241752945695993,41.79215984
-17.6284847842393,-2.60180621263015,0.000513244341834028,-0.00411094117203544,0.135469013266882,42.22144131
-78.3466904313167,-4.27703074706364,0.000460370428779827,-0.0034923369255643,0.366193296932137,42.65506381
-24.780481679144,-2.91440966465001,0.000485722686988115,-0.0037847534171676,0.169995124710492,43.09293979
-78.89814488998,-4.28811617493158,0.00046155017575267,-0.00350576973528765,0.367909652105643,43.5349359
-27.6540796105262,-3.02139237771276,0.000683116602995371,-0.00631244006807879,0.182895342607656,43.98087646
-26.2060883565395,-2.96752066863999,0.000498095366734671,-0.00393028242677223,0.17645390925488,44.43054671
-14.851840311028,-2.45536341740919,0.000481168401005865,-0.00373164786324438,0.12084163622756,44.88369604
-20.4519495114551,-2.73364698889371,0.000538737586667898,-0.00442100413650587,0.14957296612836,45.34004101
-51.9861026479492,-3.73093324147031,0.000470283310029934,-0.00360573956964187,0.278583129625061,45.79926831
-95.6753889224313,-4.57008979270555,0.000488232327742458,-0.00381412397607824,0.418372721726043,46.26103756
-66.3995885788259,-4.04829195131477,0.000438765829705686,-0.00324940768844803,0.32794944977879,46.72498407
-92.2038321241146,-4.5158228771358,0.000500953254528991,-0.00396415666976475,0.408190232608258,47.19072145
-27.8593902173628,-3.02980818628679,0.000468996096498432,-0.00359094578710009,0.183799504698552,47.65784406
-17.8643524195363,-2.61411463529507,0.000453936046625109,-0.00341937721173241,0.13667471620348,48.12592947
-92.7859579317626,-4.52661626264847,0.000474818504286908,-0.00365802323707305,0.409906523268091,48.59454073
-33.6494094096005,-3.22776807572712,0.000405836098023807,-0.00289055353454802,0.20845626450132,49.06322859
-16.6502080833763,-2.55160154928777,0.000439184377762687,-0.00325405831675631,0.130409628357214,49.53153358
-53.4458269605892,-3.76664536172886,0.000417498637700323,-0.00301604349795496,0.283773952696143,49.99898806
-84.2301433284127,-4.38280093223449,0.000406581022883392,-0.00289851573837433,0.38430409903113,50.46511813
-24.6560224228907,-2.90782067513643,0.000409558677284447,-0.0029304155121746,0.169425390336902,50.92944543
-70.8135406959545,-4.1370127374866,0.000376295026953027,-0.00258076062914006,0.342326774822101,51.39148894
-40.9698431476507,-3.44650286791099,0.000392190411356547,-0.00274599956201311,0.237687412881221,51.8507666
-66.0989841429274,-4.04246084014368,0.000431631334968044,-0.0031704758882846,0.326958910628556,52.30679691
-107.99423975779,-4.76104790958369,0.000407952725981634,-0.00291319640748682,0.453555439401077,52.75910045
-76.6446211598228,-4.24630944702574,0.000378574794725231,-0.00260424926317506,0.360870260418045,53.20720124
-33.3929636793993,-3.21997443234194,0.000392732878536721,-0.00275169882024079,0.207395806717177,53.65062815
-0.477860906794892,-0.762259149698402,4.93582829270948e-05,0.000122601307684511,0.0122209942802939,54.08891615
-89.7956098247976,-4.47583816883241,0.00044158376217041,-0.00328076142103972,0.40105138201218,54.5216075
-53.5197254540361,-3.76717017339524,0.000375710130026781,-0.00257474583263462,0.284035454563483,54.94825289
-84.5819156032726,-4.38591323627594,0.000482326934846975,-0.00374513329246862,0.385373217738787,55.36841251
-30.3324229746426,-3.11608573482552,0.000434739870118157,-0.00320478732202865,0.194521641222259,55.78165702
-49.5152330798078,-3.66983401578146,0.000497785764051699,-0.00392661855976802,0.269684386918569,56.18756853
-93.4548735992347,-4.53378237269742,0.000485744363151242,-0.00378500677137879,0.411874072231729,56.58574141
-24.4278027882062,-2.90086966148516,0.000472703174068863,-0.00363360558346519,0.168378352171941,56.97578316
-71.9355592629637,-4.1552334391721,0.000495820680330605,-0.00390339015218844,0.345933205733955,57.35731511
-89.5366728058772,-4.47224213524291,0.000535541799776907,-0.00438172451783748,0.400280046844695,57.72997316
-68.4258969853718,-4.08933353941,0.000444035363639002,-0.00330812069204529,0.334587968610734,58.09340838
-85.9565301592484,-4.40844021121134,0.000457084136680138,-0.00345500937654477,0.389537258451577,58.44728762
-82.8236079729086,-4.35771595883971,0.000439626393819376,-0.00325897211589146,0.380013835658803,58.79129403
-96.9861318368801,-4.59272796936926,0.000480741137935172,-0.00372667858044136,0.422185252033708,59.12512756
-30.3449979730369,-3.11856860188039,0.000562452700489173,-0.00471611097517047,0.194575459622741,59.44850538
-118.206259027699,-4.90323369664253,0.000484715419028969,-0.00377298656902268,0.481714967526398,59.76116228
-44.7682687522,-3.54713156612713,0.000466978143051779,-0.00356779454616876,0.252160262413325,60.06285098
-34.0189927093683,-3.23722087382719,0.000487990673700387,-0.00381129258150524,0.20997976982275,60.35334249
-36.9451704298789,-3.33035721538885,0.000492010342734879,-0.00385848090200787,0.221854603270207,60.63242632
-65.7573544747264,-4.03397627575639,0.000506483332460026,-0.00402997863416864,0.325831312325635,60.8999107
-167.633807555852,-5.51267449144078,0.0005094130361113,-0.00406499568059085,0.608047806723108,61.15562276
-56.543193363493,-3.8375279788803,0.0005230399847494,-0.00422919141938952,0.29463446306266,61.39940869
-17.1179928145506,-2.57577751110703,0.000488817168841244,-0.00382097928748563,0.132840904904923,61.6311338
-72.0558737481674,-4.1600778413809,0.00053604102369538,-0.00438785278750291,0.346318936286492,61.85068263
-69.021886913202,-4.09906522964221,0.000522428070071459,-0.00422177187024126,0.33652792680972,62.05795895
-149.865737933657,-5.30823524720385,0.000581595190641523,-0.0049589098867148,0.564284532857174,62.25288576
-27.6702544829108,-3.02459492775793,0.000600164428619694,-0.00519828855946907,0.182966717991334,62.43540529
-69.1779389111025,-4.10472743489323,0.000582640279921817,-0.00497228215433625,0.337035054156426,62.60547889
-23.5105176146158,-2.86378048473918,0.00059006618384145,-0.00506764397352472,0.164136347906756,62.76308698
-71.5265072425969,-4.14993509092776,0.000553894620744266,-0.00460888347406725,0.344620673652475,62.90822891
-74.4550385601005,-4.20535506254027,0.000596238762156823,-0.00514736916246828,0.35396421871102,63.04092282
-74.7221498426827,-4.21056937466712,0.000508638875415239,-0.00405573277217491,0.354810295188564,63.16120548
-134.725471298623,-5.12598336492987,0.00059493234561237,-0.00513046086058787,0.525609413871921,63.26913206
-110.378252415384,-4.79589236497039,0.000614562262658942,-0.0053864649694262,0.460206055655255,63.36477596
-100.390984119723,-4.64672733224631,0.000584021618523386,-0.00498997525294857,0.432009332750681,63.44822853
-79.1898551695628,-4.29419045082188,0.000516048257377479,-0.00414467498807244,0.368815950172236,63.51959884
-84.6146367066265,-4.38917102256369,0.000589001713472025,-0.00505393723155079,0.385472719490548,63.57901336
-63.3794072276834,-3.98670891423138,0.000604195513290153,-0.00525074891059316,0.317927998785492,63.6266157
-135.548405836075,-5.13620503442106,0.000600827240327798,-0.00520690229296793,0.527747601838981,63.66256629
-70.3122102096169,-4.12705601258775,0.000602038393093318,-0.00522265440310659,0.340709173873943,63.687042
-59.0897248064022,-3.88980017216416,0.000620371327372407,-0.00546301738314345,0.303415397056471,63.70023585
-77.7859768577576,-4.26602992927946,0.00056267424195795,-0.00471889765722162,0.364443984815556,63.70235659
-22.9850230335777,-2.84310684347917,0.000606269723785726,-0.00527781092359389,0.161681361382195,63.70235659
-287.774603074254,-6.59878533897343,0.000628207469651297,-0.00556685168353769,0.87176263865197,63.70235659
-152.873452036656,-5.34522055270392,0.000607875153710355,-0.00529878862207811,0.571809484459232,63.70235659
-172.876347995806,-5.55487548683411,0.000704285218118911,-0.00660811917098477,0.62065758942849,63.70235659
-48.1779053949924,-3.63783437830844,0.000542500857799298,-0.00446740833919646,0.264806470679941,63.70235659
-205.30656406697,-5.89868043908743,0.000573692692334106,-0.00485818426847596,0.696036289678015,63.70235659
-206.03956396764,-5.90515902695701,0.000520783292273904,-0.00420185025176877,0.697691988235841,63.70235659
0.0700658571047293,0.485535876167107,1.27142621689766e-05,1.60284593450693e-05,0.00333916665577973,63.70235659
-85.8542326456484,-4.40937962679898,0.000508687455802361,-0.00405631383375079,0.389228311394535,63.70235659
-167.818307552496,-5.51211121388694,0.000511140353744791,-0.00408568857716461,0.608493756278194,63.70235659
-112.009749376654,-4.81772175532605,0.00046753037346556,-0.00357412512199042,0.464729757444178,63.79090752
-95.1408862437102,-4.56415642918476,0.000463754273697659,-0.0035309119991542,0.416813184143985,64.02389689
-146.977583094336,-5.2757107871248,0.000406319139821007,-0.00289571574326919,0.55701134829322,64.24526178
-227.083021929581,-6.09866147337723,0.000481197017745317,-0.00373198076909097,0.744422934476446,64.4550929
-111.682995020795,-4.81245820171931,0.000410780219857121,-0.00294353558885494,0.463825480196973,64.65349768
-149.694654676708,-5.30680654784705,0.000426484619879333,-0.0031139387616815,0.563855036898921,64.84059991
-177.221129209941,-5.61176770220692,0.000470649958599785,-0.00360995712573325,0.631015680411856,65.01653939
-70.345554177451,-4.12689056657814,0.000436634132593704,-0.00322575612344617,0.340816869483617,65.18147155
-124.841620986519,-4.99547975512282,0.00042577722745463,-0.00310619453273861,0.499577512370108,65.33556707
-84.3294312485592,-4.38318518654502,0.000395507603982089,-0.0027809121074289,0.384606009001523,65.47901148
-42.2860558252116,-3.4828595302644,0.000424731981319417,-0.00309476340053801,0.242751224915548,65.61200476
-257.342166595187,-6.35824309113173,0.000403305228680451,-0.0028635566896492,0.809165332423019,65.73476096
-195.753315811429,-5.80263946273361,0.000443429898021322,-0.00330135680185814,0.67427335382678,65.84750775
-150.08721600738,-5.31281092103798,0.00046759040450185,-0.00357481352214862,0.56484043711119,65.950486
-336.517428511578,-6.95518815440348,0.000452815608552296,-0.00340672509248742,0.967613018019273,66.04394941
-269.544717419688,-6.45844295658439,0.000438599304775504,-0.00324755799093213,0.834546496442101,66.12816399
-199.347506938107,-5.83937290792934,0.000442280787018083,-0.00328853233963884,0.682501855896806,66.2034077
-180.018632085436,-5.64605105769624,0.00037673129256907,-0.00258525002078343,0.637639138524729,66.26996996
-980.827319783011,-9.93469075285282,0.000460147840994029,-0.00348980442913745,1.97435402623671,66.32815124
-242.817001129003,-6.23707511652331,0.000393201399883268,-0.00275662436018409,0.778423687105513,66.3782626
-99.4797033347272,-4.6318403239125,0.000392998535134698,-0.00275449129476466,0.4293910187562,66.42062521
-200.716188219166,-5.8535060287013,0.000446768994815765,-0.00333871651618274,0.685622270695645,66.45556996
-282.761670025677,-6.56091907941836,0.000386244311213777,-0.00268378765260221,0.861609187121343,66.48343695
-322.042256005497,-6.85243417241382,0.000392070453281787,-0.00274473979269687,0.939662478368544,66.50457506
-349.049668067576,-7.03992503598767,0.000375826125050183,-0.00257593829657983,0.991489557544885,66.51934148
-217.201085497079,-6.00817013784705,0.00049167272403386,-0.00385451003508559,0.72266653084345,66.52810127
-145.074612863006,-5.25003488875721,0.000398029595147034,-0.00280755358418464,0.552192872060674,66.53122691
-208.047707628084,-5.9238056389319,0.000423384895412529,-0.00308005198629405,0.70221796619432,66.53122691
-104.832290993429,-4.71386818431519,0.000307387227045983,-0.00190538934495963,0.444658601581423,66.53122691
-178.318991235817,-5.62732557690196,0.00032201572219771,-0.00204301060508239,0.633619281332583,66.53122691
-455.469456621908,-7.69113918357509,0.000347752961374185,-0.00229277407306695,1.18395757304089,66.53122691
-69.7785584213513,-4.11678474079244,0.000355346285884471,-0.00236827798161492,0.338983056064669,66.53122691
-405.02992096867,-7.39694685366317,0.000378857655442157,-0.00260716854295724,1.09485024727905,66.53122691
-276.079881085563,-6.50949865056563,0.000329230885373612,-0.00211205810225879,0.847981706580946,66.53122691
-186.053179828628,-5.70776145434154,0.000339847885081817,-0.00221504148224656,0.651810551785879,66.53122691
-273.383519421675,-6.48587053830341,0.000346941682854872,-0.00228475548133468,0.842451275611618,66.53122691
-204.411498618314,-5.89024889628074,0.000331568653943649,-0.00213459361389298,0.694011833852886,66.53122691
-260.346511505287,-6.38481281527254,0.000324461609896692,-0.00206633144718515,0.815450937049616,66.53122691
-355.112639565542,-7.07968542127616,0.000332840401717692,-0.00214688638964362,1.00293796204207,66.53122691
-628.110650251032,-8.5606273184872,0.000352374510261701,-0.00233863117365682,1.46685572960426,66.53122691
-174.736024266838,-5.58950618378101,0.000318118112830428,-0.00200603082716072,0.625103054157659,66.53122691
-158.93004169485,-5.41289490254796,0.000308521315615707,-0.00191594381150768,0.586814125914864,66.53122691
-354.954031002,-7.07991116963631,0.000325900814538277,-0.00208009502541235,1.00263932995065,66.53122691
-351.428406878084,-7.05647279834407,0.000315757930006646,-0.00198374756183966,0.995989066192295,66.53122691
-187.019844830397,-5.71760292194316,0.000329477074608333,-0.0021144275480613,0.654066315229701,66.53122691
-365.438895388695,-7.14834623504426,0.000311916741146845,-0.00194765950743755,1.02228778275041,66.53122691
-501.635502756785,-7.94438363938078,0.000334829325258129,-0.0021661585338978,1.26266701166404,66.53122691
-467.694301465739,-7.75910561785658,0.000352684664760105,-0.00234171949230098,1.20504892951315,66.53122691
-572.483377188875,-8.3024447539129,0.000317223161398846,-0.00199757153092513,1.37891844326734,66.53122691
-513.920668225585,-8.00916749720633,0.000324404644182412,-0.00206578729028445,1.28319910928506,66.53122691
-563.785441959092,-8.25786688357292,0.000299727489934904,-0.00183461471374587,1.36491582590358,66.53122691
-439.643880894963,-7.60272605565124,0.000288042084548489,-0.00172837877477285,1.15637141204971,66.53122691
-252.601149579409,-6.31981115590572,0.000310968779628187,-0.00193878740900852,0.799196423318889,66.53122691
-338.254821459274,-6.96576820948389,0.000273012606691953,-0.00159488384538838,0.970940564928128,66.53122691
-320.880009836953,-6.8449159094227,0.000286554681480098,-0.00171500846708034,0.937400319143812,66.53122691
-489.263895955693,-7.87565756357287,0.000316328902161552,-0.00198913068814791,1.2418201979471,66.53122691
-260.863621741631,-6.38565134820175,0.000312963540237606,-0.00195747230105667,0.816530225665922,66.53122691
-459.350849884701,-7.71500616550807,0.000302555513793299,-0.0018606411211514,1.19067438190522,66.53122691
-313.446213585803,-6.7910904639606,0.000338364314010952,-0.00220055301858419,0.922866043815216,66.53122691
-435.927413565169,-7.57789670891486,0.000334068154905047,-0.00215877621351948,1.14984520573706,66.53122691
-634.462805078189,-8.59246253098975,0.000332375783799118,-0.00214239264264565,1.47672889687526,66.53122691
-620.177926984041,-8.52641498019312,0.000395287887489765,-0.00277859510932468,1.45447923939872,66.53122691
-401.158563014798,-7.37476782240707,0.000308656371056716,-0.00191720200957712,1.08786258358431,66.53122691
-438.575201410655,-7.59650771242232,0.000381983893516808,-0.00263950557321497,1.15449672450708,66.53122691
-178.144826489299,-5.62655746039926,0.000350979550692045,-0.0023247578724163,0.633206656621354,66.53122691
-447.835329298119,-7.64913472401289,0.000275649143954741,-0.00161804270099555,1.17069084095003,66.63304195
-546.543871429588,-8.16754519666331,0.000363176332223881,-0.0024469850393684,1.33694373294105,66.74750436
-653.495396598879,-8.67697444516355,0.000343939827113525,-0.00225516700823747,1.50611574432445,66.87272947
-271.503926843631,-6.47164287014655,0.000380886737185956,-0.00262814173018304,0.838585486117577,67.00903366
-449.151744975054,-7.65592128985195,0.000346614608357758,-0.00228152536018913,1.17298386241789,67.15672518
-500.92444924507,-7.94083389753761,0.000371804264379158,-0.00253469995078167,1.26147353861791,67.31610386
-676.840313960963,-8.77792499896078,0.00036538083270942,-0.00246929882019902,1.54177427927218,67.48746093
-646.520782549285,-8.64568522827907,0.000401235325584336,-0.00284153984225069,1.49538028812699,67.67107886
-618.602590351468,-8.51926741625863,0.000375686279244892,-0.00257450066199066,1.45201514688528,67.86723116
-737.017905943824,-9.02917144529201,0.000341690910552639,-0.0022330844413148,1.63185658223022,68.07618219
-641.919361520861,-8.62302149519815,0.000407373918114984,-0.0029069986941606,1.48827646982271,68.29818701
-544.135453446802,-8.15705011624639,0.000392855583621429,-0.00275298852910938,1.33301344874775,68.53349126
7013.83620151459,19.1722361956913,6.36655604400835e-05,0.000179602284383733,7.32824358277378,68.78233094
-586.041239572618,-8.36787223599904,0.000368523060230501,-0.00250122067486723,1.40060427317924,69.04493234
-877.27429587323,-9.57202122258812,0.000410018702294952,-0.00293535415249871,1.83282189204595,69.32151184
-277.508476405904,-6.52183576343841,0.000368992567607519,-0.0025060021215164,0.850904514241824,69.61227594
-6.30604855248729,-1.76675080940863,0.000123690410320846,-0.000486361369915407,0.0682067994602842,69.91742094
-574.492431260512,-8.31195840754114,0.000418398372254767,-0.00302579837940396,1.38214264264261,70.23713294
-640.598900200586,-8.61878390030321,0.000429099732519285,-0.0031426236338429,1.48623487316574,70.57158774
-960.377279050004,-9.86585734483486,0.000441805908510575,-0.00328323739791547,1.94681453496852,70.92095084
-1134.79432407557,-10.4278623444933,0.00061754675509166,-0.00542574991880008,2.17591246001178,71.28537714
-599.516462111051,-8.43153835410561,0.000464084505630431,-0.00353468412964904,1.42199281978622,71.66501104
-1069.38601207543,-10.2241856802521,0.000410593228964327,-0.00294152593347425,2.0914764926858,72.05998654
-707.352327477816,-8.90908745366576,0.000486436357584138,-0.00379309786827638,1.58776851109906,72.47042664
-608.73644539027,-8.47440271247526,0.000410143396376523,-0.00293669329534789,1.43653495165677,72.89644394
-725.976916328281,-8.98575035343372,0.000458241384099082,-0.00346813878677066,1.61551822628573,73.33814014
-640.320227227069,-8.61662736515898,0.000434926927434787,-0.00320685594685946,1.48580377890975,73.94604084
-526.340899602153,-8.07044318197347,0.000502908311426633,-0.00398738550920173,1.30379116861281,74.70128904
-722.037232635488,-8.9701189640497,0.000506092915824944,-0.0040253198396947,1.60966828658618,75.47471504
-886.712357803555,-9.60664255642348,0.000434790443695515,-0.00320534655832738,1.84594391809849,76.26618794
-1132.68651476352,-10.4234533347368,0.000472586365887949,-0.00363225883379493,2.17321727373096,77.07556474
-631.06190458265,-8.57702106385163,0.000392457265571922,-0.00274880268933789,1.47144704701269,77.90269024
-925.029455911092,-9.74168492150089,0.000412003302346402,-0.00295669176795012,1.89874668872221,78.74739774
-827.105628272239,-9.38647882907544,0.000447745793646935,-0.00334967196413279,1.76226268788544,79.60950864
-896.295243318514,-9.63996055838523,0.000491343730170254,-0.00385064192153368,1.85921972080996,80.48883294
-723.41085562452,-8.97436953246597,0.000427939569151354,-0.00312988711527598,1.61170910736154,81.38516924
-876.913082700298,-9.57149859186294,0.000440981413600796,-0.00327405095724993,1.83231876189669,82.29830514
-864.665542608482,-9.52626443554738,0.000420208538761828,-0.00304545591020487,1.81521789031268,83.22801724
-1118.14394882595,-10.3735183458807,0.000493501889508077,-0.00387603987535943,2.15457564079401,84.17407154
-846.980752686329,-9.45802619249281,0.000444048252823236,-0.00330826473127522,1.79038183589691,85.13622344
-1055.87312307054,-10.1817491290838,0.000424679867298597,-0.00309419383214875,2.07382043660497,86.11421804
-712.557661082332,-8.92907615702587,0.000403318697737983,-0.00286370014176206,1.59554841036787,87.10779064
-830.325377470946,-9.39679839371339,0.000385055178328026,-0.0026714033051428,1.76683309402364,88.11666634
-1273.11556178873,-10.8361099334126,0.000458281219339733,-0.00346859102920468,2.34931836035377,89.14056084
-1292.01987928851,-10.8899275228127,0.000453887144923581,-0.00341882468171785,2.3725176667182,90.17918064
-1102.02011637974,-10.3266218936114,0.000403868488976574,-0.00286955769370796,2.13381287843232,91.23222284
-750.269527113169,-9.0861905539309,0.000383219558316208,-0.00265232358021807,1.65135913570663,92.29937584
-1750.29046979988,-12.0510629627389,0.000419830569811408,-0.00304134784512764,2.90471424302334,93.38031954
-918.922837798613,-9.72178063978985,0.000448510658392802,-0.00335825877794117,1.89038106636905,94.47472524
-1260.10398028586,-10.7994075909055,0.000420950886997974,-0.00305352971220017,2.33328387367731,95.58225654
-1170.97590952793,-10.5395537573271,0.000449067811246169,-0.00336451831146877,2.22192111020201,96.70256894
-801.457728702885,-9.28450527968308,0.000437477270158911,-0.0032351040004951,1.72564066356048,97.83531044
-622.869343059544,-8.53200996918343,0.000529459638087808,-0.00430729180816864,1.45868364821047,98.98012194
-1365.23061812871,-11.0917345597566,0.000505863471822296,-0.00402258275097285,2.46131578500253,100.13663734
-1157.52031702206,-10.4976460800203,0.000496510914324912,-0.00391154387632188,2.20486702829546,101.30448374
-1086.96013986994,-10.2811321361504,0.000449601770383455,-0.00337052090893878,2.1143282223781,102.48328194
-897.121804962875,-9.64443766973853,0.000469493890909085,-0.0035966644733585,1.86036261682168,103.67264664
-1592.84445801472,-11.6716150970243,0.000448269252755816,-0.00335554782833132,2.72779776067437,104.87218664
-1436.3801052363,-11.2814658570864,0.000470000880467057,-0.00360249190642121,2.5461046276536,106.08150534
-1059.07125742568,-10.1860701080483,0.000478140258135988,-0.00369647670902561,2.07800546441691,107.30020084
-1455.36777499999,-11.3303336728754,0.000451781549257269,-0.0033950622588516,2.56849362098011,108.52786634
-1293.55493571163,-10.8943545360631,0.000438567548871552,-0.00324720529792109,2.37439649967472,109.76409034
-1079.94421348191,-10.2565372939784,0.000429749420497047,-0.00314976357407082,2.10522018019784,111.00845724
-968.358257275322,-9.89164755723534,0.000420333332111835,-0.00304681266731706,1.95758530433399,112.26054714
-2033.14114359955,-12.667809647313,0.000486617133968851,-0.00379521253465439,3.20977813672134,113.51993664
-1077.05628509838,-10.2496519386909,0.000438224636483485,-0.00324339759842571,2.10146548012682,114.78619884
-1321.42825218491,-10.9721388913372,0.00041897577799667,-0.00303206411658189,2.40838391173868,116.05890384
-1160.98625965725,-10.5082457598376,0.000380618807525469,-0.00262536912140293,2.20926616923911,117.33761894
-1628.69182157672,-11.7634114563971,0.000410139600398501,-0.00293665252596434,2.76857270247114,118.62190874
-1670.96673303064,-11.8623702097082,0.00037256000581975,-0.00254243204994173,2.81627573603298,119.91133604
-1575.60590920898,-11.6346995832025,0.000365182619146717,-0.00246728975374641,2.70808147065549,121.20546154
-31406.9630714022,-31.4369337475184,5.99870400975351e-06,5.19447033065531e-06,19.9087802525724,122.50384444
-1464.62687990778,-11.3548694953633,0.000359784987039731,-0.00241279021576866,2.57937602416818,123.80604254
-1827.47998967277,-12.2247529213792,0.000377724862740853,-0.00259548405136561,2.98949900866197,125.11161314
-1557.65952786215,-11.5916138821972,0.000359240901371941,-0.00240731916126615,2.68747862907912,126.42011244
-1368.849962893,-11.1006278631271,0.000334541914525941,-0.0021633700532467,2.46566393545747,127.73109654
-1563.99306345524,-11.6075331225558,0.000322178199757742,-0.00204455704490525,2.6947586667059,129.04412144
-1439.56911711634,-11.2898427603739,0.000353944555078951,-0.00235427862776978,2.54987176348301,130.35874354
-1563.72910631093,-11.6070077734246,0.000360920803300069,-0.00242422474238703,2.69445545972686,131.67451984
-2087.63455168782,-12.7795229992822,0.000353458458397774,-0.00234943035228405,3.26687846640033,132.99100794
-1161.30427551133,-10.5093491295765,0.000345824167480689,-0.00227372541934897,2.20966959533344,134.30776684
-1351.26977450376,-11.0549609433151,0.000312031285694066,-0.00194873245169774,2.44450747745028,135.62435714
-1601.33542387192,-11.6974719814554,0.000309271576345422,-0.0019229368353542,2.73748363261544,136.94034094
-1781.30988115209,-12.1209018069503,0.000300401850066611,-0.00184080977167808,2.93893272534902,138.25528264
-1929.34596784063,-12.4477447211831,0.000315753974215707,-0.00198371029059428,3.09958393439015,139.56874864
-1404.51574775838,-11.1953699458498,0.000320325314196048,-0.00202694468839241,2.50830908235543,140.88030844
12310.9021782851,23.2632200665367,7.8719476854704e-05,0.000246932536708883,10.662975540001,142.18953414
-1413.53353860681,-11.2223976127435,0.000368072792273548,-0.00249663802983516,2.51903425695495,143.49600104
-1620.37773324036,-11.7439760258025,0.000329410309140822,-0.00211378487698035,2.75914274815452,144.79928804
-1607.24112597225,-11.7136726563631,0.000385734243452784,-0.00267847316271822,2.7442100682256,146.09897774
-1391.5318992106,-11.1642596469403,0.000333862825861524,-0.00215678623932754,2.49282680912574,147.39465674
-1079.5027016684,-10.2578496693337,0.000365172651665559,-0.00246718873946505,2.10464644943313,148.68591584
-1746.81426567043,-12.041546397998,0.00031715404374278,-0.00199691871085267,2.90086695527561,149.97235044
-1629.58093694533,-11.7651555733373,0.000352412824370292,-0.00233901260883639,2.76958018336896,151.25356094
-1886.27228419762,-12.3550093018686,0.000352384724238365,-0.00233873285623415,3.05327731235313,152.52915234
-1475.83020488189,-11.3827261560456,0.000327913162964884,-0.00209939076260343,2.59251283238656,153.79873534
-2043.15244882695,-12.6872112221767,0.000420415876614802,-0.00304771020947192,3.22030623159555,155.06192594
-1751.27169778562,-12.0532767242873,0.000483301713105723,-0.00375649234647723,2.90579974667466,156.31834614
-1769.55697796608,-12.0941187462334,0.000425970619867986,-0.00310831107171842,2.92599127843613,157.56762354
-4542.75178418865,-16.561326940294,0.000666275633221093,-0.00608045253377041,5.48583406893255,158.80939254
-1587.11003608125,-11.663764540847,0.000465380255496265,-0.0035494980102472,2.72124735516088,160.04329354
-1333.34175653999,-11.005243062698,0.000600667815525398,-0.00520483001450667,2.42283764748268,161.26897384
-1458.78190414854,-11.3410545927421,0.000542363972977426,-0.00446571760649884,2.57250902543958,162.48608764
-2331.35735991611,-13.257533847425,0.000627878385501947,-0.00556247799775566,3.51643469072515,163.69429614
-1864.29141804412,-12.3056935276778,0.000567927456157169,-0.00478513620470358,3.02951093669962,164.89326794
-1607.31228805465,-11.7105699763265,0.000619298421254512,-0.00544885142239065,2.74429096763234,166.08267914
-1231.11077348439,-10.7165525620273,0.000687996566482995,-0.00638020176357827,2.29735484930555,167.26221354
-1717.2664218715,-11.9740515340482,0.000683216942139088,-0.00631383091961315,2.86806141079754,168.43156274
-1711.76329894313,-11.959740825071,0.000780971947402373,-0.00771628318811112,2.86193078856091,169.59042644
-1385.52803941861,-11.1453266989426,0.000795067976673232,-0.00792613379283817,2.4856512503656,170.73851274
-1794.41994018662,-12.1498224333666,0.000843797099697608,-0.00866586759004725,2.95333501575726,171.87553784
-1586.71694542795,-11.6631010536717,0.00100945244060563,-0.0113392361545199,2.72079801341557,173.00122684
-797.959824400428,-9.27284361350742,0.000775347425064081,-0.0076330750074037,1.72061616608948,174.11531334
-1080.50922185193,-10.2599342213472,0.000886727573246288,-0.00933555896664242,2.10595446355673,175.21753994
-1231.19433382152,-10.7177767230693,0.000942959425903221,-0.010237514165437,2.29745881274415,176.30765804
-922.947179736184,-9.73599708798428,0.000788274156126601,-0.0078247584357459,1.8958962179859,177.38542834
-788.035088915198,-9.23666167696699,0.000840618304298616,-0.00861694399378317,1.70631954802825,178.45062104
-749.903006476256,-9.08385457726989,0.000777472255242451,-0.00766447401705103,1.65082126386523,179.50301534
-1.05155304410757,-1.01523821569356,4.09353016764367e-05,-9.25980837719628e-05,0.0206815734913192,0.67819772
-2.60461097642534,-1.37417421304428,0.000165295278550621,-0.000751355862936161,0.0378609575327786,1.41024995
-7.74126279135523,-1.97486929449579,0.000288735689175715,-0.00173462542937924,0.0782655471144831,2.19103471
-23.4817545192756,-2.86204514786388,0.000400364650095665,-0.00283229570441836,0.16400243609847,3.3577119
-15.8376663463728,-2.50924082693729,0.000479476052162742,-0.00371197795019591,0.126131623636343,7.3901483
-15.8673788312119,-2.50855866883389,0.000498617441512036,-0.00393646328722614,0.126289194515862,11.08399829
-17.1457397603146,-2.57784313965672,0.000584049503282726,-0.00499033263607168,0.132984430007957,14.45867058
-1.38663408467744,-1.11379438418309,0.000661176407729938,-0.00601078272192525,0.0248697234948309,17.53277358
-6.61753807041831,-1.87714465031129,0.000715243119640679,-0.00676294008101011,0.0704954287676159,20.32413987
-8.13915297692002,-2.0107024562141,0.00073239829078039,-0.00700770787869209,0.0809250112988032,22.8498502
-6.02912925161438,-1.81737821627901,0.000898276278803337,-0.0095185304449496,0.066252044468961,25.12625684
-6.89450914274207,-1.90180062181296,0.000795121951429004,-0.00792694092902077,0.0724489521255791,27.16900649
-24.2102669183683,-2.88881515099525,0.0010045587916209,-0.0112568802164388,0.167377075504675,28.99306259
-2.20404636203978,-1.30028236255419,0.00115616599877051,-0.0138990557334849,0.0338722203372787,30.61272713
-8.33300286422984,-2.02607479336475,0.00115161655981315,-0.0138170986541759,0.0822048799558743,32.04166193
-38.274853498097,-3.368828541168,0.00106418434606103,-0.0122738357140485,0.227146296239996,33.29290946
-3.25907990663982,-1.48010379743279,0.000929166016533189,-0.01001370938037,0.0439635492113608,34.37891313
-6.50932268161923,-1.866312339098,0.00102244767643275,-0.0115589036851693,0.0697247804797476,35.31153709
-11.3846555225619,-2.24712418432236,0.000940688422184992,-0.0102005527203152,0.101214564463449,36.10208556
-28.7209321820749,-3.05726593765944,0.000657647351248276,-0.0059627227971387,0.187569306043225,36.76132168
-0.541009156200505,-0.813016457237433,0.000895767655287902,-0.00947868458027161,0.0132790007784497,37.29948595
-5.35426936201117,-1.74912160936032,0.000840334010978937,-0.00861257304934865,0.061211092746478,37.72631413
-16.6076071343952,-2.55041550176365,0.000796381165760374,-0.00794577892728171,0.130187117261753,38.05105473
-18.008916985522,-2.6189302060903,0.000734907138332962,-0.0070437462997011,0.137411024388,38.28248613
-3.53998710541654,-1.52300557574388,0.000725447852978454,-0.00690819051494948,0.0464548454160936,38.42893314
-64.2427129942608,-4.00219705333402,0.000768154699418694,-0.00752710622001137,0.320808456491634,38.49828326
-13.2841000809145,-2.36312168615059,0.000797637806586083,-0.00796459326888588,0.112180430237338,38.49828326
-78.7880819668783,-4.2844162478138,0.000654292226851299,-0.00591715093917091,0.367567361136184,38.49828326
-37.6080953110442,-3.34787852915459,0.00066399344114796,-0.00604923826714075,0.224500566691612,38.49828326
-26.2862561327189,-2.9708271211923,0.000745171069029044,-0.00719182290192974,0.17681360345487,38.49828326
-24.334529241571,-2.89763315575886,0.000617842197818041,-0.00542964401298888,0.167949466016747,38.49828326
-47.5738910976706,-3.61993260493445,0.000900071095730232,-0.00954707269450459,0.262588429673698,38.49828326
-27.2309285232638,-3.00788613610547,0.000782733530119411,-0.0077424055091782,0.181024887609399,38.49828326
-15.1819213613892,-2.47566931547658,0.000839876439400883,-0.00860553953710821,0.122625600349069,38.49828326
-35.7952496122107,-3.29242635574322,0.000724398603811765,-0.00689320848348432,0.217226796256666,38.49828326
-40.1566669688154,-3.42155648316932,0.000814150036291267,-0.00821318634448779,0.23453174064561,38.49828326
-47.4799127941887,-3.61534650750713,0.000768031963367451,-0.00752530225860739,0.262242310713259,38.49828326
-39.8636239312451,-3.41216161469163,0.000696027769032479,-0.00649224434464762,0.233389285937489,38.49828326
-39.2345034759504,-3.39375252316696,0.000723572725601228,-0.00688142354141624,0.230927215588312,38.49828326
-92.7997115279274,-4.52395678280121,0.000728452228255573,-0.00695114937269177,0.409946920828173,38.49828326
-17.3527498114437,-2.58883102550776,0.000781904881009093,-0.00773011390170014,0.134052689638364,38.49828326
-70.8975886852711,-4.13679405376882,0.000715653559505795,-0.00676876225319436,0.34259755267662,38.49828326
-37.2248326949867,-3.33822172273352,0.000721891642466886,-0.00685745597322799,0.222972766390013,38.49828326
-76.7290555114756,-4.24868496962635,0.000748470332369525,-0.00723963869894023,0.361135259239242,38.50293211
-85.8645269740718,-4.41056407992484,0.000664836910674326,-0.00606076843118142,0.389259455059339,39.03196284
-3.45552688096262,-1.51053087699112,0.000726383579919207,-0.00692156073704873,0.0457129618412108,39.53727062
-68.4003121427925,-4.08931127974731,0.000678373885524881,-0.00624681563102285,0.334504565798302,40.01907842
-104.250879887539,-4.7034800783299,0.000674229530860506,-0.00618965812488754,0.443012928843924,40.4776455
-58.0057855660561,-3.86790976285658,0.000664337893368981,-0.00605394602321879,0.299693557706831,40.91326511
-74.3756281164899,-4.20536609348716,0.000737269059767722,-0.00707773046432646,0.353712515295706,41.32626223
-64.0781770497842,-4.00053119233791,0.000733501985080741,-0.00702355434175377,0.320260525858887,41.71699146
-51.4408065477814,-3.71748879186687,0.000639076136510984,-0.0057119435682994,0.276631610063709,42.08583493
-75.7350310817617,-4.23021812713547,0.000675245741756434,-0.00620365714282966,0.358009481897144,42.43320025
-52.4020502161891,-3.74064852862995,0.000657714416319077,-0.00596363491143003,0.280067136311204,42.75951861
-73.9259722326629,-4.19473476368452,0.000664536714411304,-0.00605666393133274,0.352285393031551,43.06524291
-83.4590711868648,-4.36957584282083,0.000676085405404905,-0.00621523205057852,0.381955138933329,43.35084593
-43.9267180996532,-3.52728456509095,0.000658615518639613,-0.00597589483308753,0.248990329795744,43.61681859
-81.4743455605892,-4.33498126218852,0.000640440097863958,-0.00573023956979692,0.375875410759207,43.86366828
-66.9522808570377,-4.0598998841521,0.00064959929670673,-0.00585360382168407,0.329766783077862,44.09191725
-42.5771031366869,-3.48994124285572,0.000656877179505846,-0.00595225143733399,0.243863801508108,44.30210104
-86.3590653150346,-4.41888019828871,0.000626109086420708,-0.00553898279942884,0.390752652353841,44.49476699
-44.1243056447538,-3.53040321612875,0.000601395461805205,-0.00521429054176125,0.249736341103214,44.67047282
-61.4693562185363,-3.94372571437936,0.000634243211497225,-0.00564727254392753,0.311507853250675,44.8297852
-30.7970989203146,-3.1303457557571,0.000754217864538149,-0.00732318876757266,0.196503146192428,44.97327849
-71.9527607815604,-4.15818513600731,0.000770784250026428,-0.00756578950577992,0.345988467875155,45.10153342
-65.3115541602965,-4.02381717795601,0.000683910425075415,-0.00632344640965728,0.324356946060481,45.21513586
-84.4533735176499,-4.38519374159463,0.000645183080452009,-0.00579401295094932,0.384982758283465,45.31467572
-71.3726974776707,-4.14649376724763,0.000561214238576075,-0.00470054298147528,0.344126439367571,45.40074576
-74.6601681559928,-4.20913894519919,0.000593158717000894,-0.00510753536386549,0.354614051484093,45.47394056
-63.645173469089,-3.99128032345064,0.00056205240699192,-0.0047110772379145,0.318816133110296,45.53485549
-58.4508022218633,-3.87926854592432,0.000609085534602953,-0.00531462265855583,0.301224490162191,45.58408572
-100.966147792936,-4.6512659696603,0.000586766920889585,-0.00502520103038364,0.433657568870672,45.62222534
-156.393422625946,-5.38760281873933,0.000581754599266491,-0.00496094879882787,0.580553594470465,45.64986641
-93.6736274868762,-4.53721968798981,0.000592151454253805,-0.00509453097121176,0.412516541606466,45.66759818
-28.763690012642,-3.06185441116817,0.000579106432674107,-0.00492711376551069,0.18775562933138,45.67600624
-138.871611875668,-5.17524502506274,0.000609462042188395,-0.00531955128674996,0.536338408755904,45.67600624
-110.646802552549,-4.79830451173464,0.00055727544615564,-0.00465114489446219,0.460952158688745,45.67600624
-36.6865925689722,-3.32192165655253,0.000569713701221675,-0.0048077292550775,0.220818217380338,45.67600624
-169.397881385817,-5.53193804124669,0.000581137899639813,-0.00495306247269028,0.61230617062483,45.67600624
-51.9761692962869,-3.73050353466437,0.000597776198883632,-0.00516729118254568,0.278547636433447,45.67600624
-67.6295674916049,-4.07230684476427,0.000652594190113824,-0.00589413136710566,0.33198695854684,45.67600624
-183.202895852278,-5.67810445783429,0.000572452135410695,-0.00484243473708048,0.645136389475932,45.67600624
-163.079340532678,-5.46079723214617,0.000620041217410595,-0.0054586575170634,0.596983845233517,45.67600624
-50.0996878230039,-3.68295021269653,0.000628648567431211,-0.00557271588423964,0.271802317723166,45.67600624
-78.0860990698437,-4.27263725093552,0.000671646347990507,-0.00615412046498959,0.365380853264561,45.67600624
-64.0862733010965,-3.99879395044047,0.00060871050651271,-0.00530971490746201,0.320287428579366,45.67600624
-40.9713610807004,-3.44669792272189,0.000584187974207995,-0.00499210745961745,0.237693285992205,45.67600624
-143.773401114798,-5.23666500831178,0.000654004277137002,-0.00591324522435568,0.548886220695048,45.67600624
-94.0043301651986,-4.54613104835995,0.000644003580278933,-0.00577813160369262,0.413487034224145,45.67600624
-59.5908617871978,-3.90293395092837,0.000645804673144058,-0.00580238820335067,0.305128648290299,45.67600624
-109.861693976147,-4.7879068958189,0.000710599439044606,-0.00669718501756141,0.458769111653485,45.67600624
-111.673806815756,-4.81494554517117,0.000651829142671088,-0.00588376971733957,0.463800136925031,45.67600624
-76.3088646279389,-4.24100565145059,0.000722870261567211,-0.00687140496494311,0.359815598644996,45.67600624
-77.6546417467465,-4.26543095417248,0.000717759828623256,-0.00679866635873708,0.364033708522743,45.67600624
-119.6855308273,-4.92740444030106,0.00072270714293314,-0.0068690792537564,0.485725709892694,45.67600624
-110.545687634551,-4.79772614405822,0.000778215395140465,-0.00767546566985677,0.460671321438977,45.67600624
-199.920967660877,-5.8461664436342,0.000855276855163729,-0.00884331481957508,0.68381016428149,45.67600624
-92.525631718335,-4.52089130200398,0.000764198401562379,-0.00746902983010186,0.40913942130991,45.67600624
-66.5603716396309,-4.05140595677922,0.000782082284743126,-0.00773274483286804,0.32847864112117,45.67600624
-190.145898011131,-5.74908517269805,0.000829598442592855,-0.00844805822919618,0.661334672888808,45.67600624
-218.618145088763,-6.02388181754165,0.000855989061948457,-0.00885436313513491,0.725806408849531,45.67600624
-234.103787084757,-6.15883026901718,0.000866900381858166,-0.00902420178760595,0.759688446848554,45.67600624
-288.412018650433,-6.60286228527861,0.000836307358418509,-0.00855074359095781,0.873049400726374,45.67600624
-109.542822235812,-4.78395616091801,0.000796600871535773,-0.00794906727399378,0.457880983443252,45.67600624
-293.352969275052,-6.64371449411626,0.000791532741294388,-0.00787332778566276,0.88299243943655,45.67600624
-129.462930976507,-5.05455657893622,0.000818586544796166,-0.00828041129763828,0.511831261804506,45.67600624
-172.239235442048,-5.56221729761383,0.000864297507663221,-0.00898358947114312,0.61913407052222,45.67600624
-100.113050068912,-4.64285968483277,0.000810863163775882,-0.00816349937525003,0.431211620030192,45.67600624
-289.856195867165,-6.61719298164893,0.00086625819757446,-0.00901417619574836,0.87596156595366,45.67600624
-131.917095690603,-5.08852017706849,0.000847693474649716,-0.00872596098083604,0.518279482642683,45.67600624
-112.973529312533,-4.83404512576823,0.000877567944345328,-0.00919128288965186,0.467391840435348,45.67600624
-122.563969080572,-4.96549525528808,0.000869316295920331,-0.00906195159102936,0.493482602388578,45.67600624
-141.334533899327,-5.20829252702232,0.000850727697296029,-0.00877285326307831,0.542661302862867,45.67600624
-125.122534676982,-4.99903017750732,0.000768154250220302,-0.00752709960992602,0.500326642238392,45.67600624
-110.822746060759,-4.80059271913861,0.000825591105667804,-0.00838692027732295,0.461440668032324,45.67600624
-188.714512120437,-5.73395407355608,0.000762255531180137,-0.00744056445689807,0.658011531494241,45.67600624
-140.319383204249,-5.19335724585781,0.00085680514685083,-0.00886702854378225,0.540059614444012,45.67600624
-358.172495520961,-7.09932330838363,0.000862520584459452,-0.00895589945661389,1.00869095736007,45.67600624
-240.820858778581,-6.21869693550391,0.000774541115080893,-0.00762117126232925,0.774151608111413,45.68900783
-158.451006295828,-5.4108482774638,0.000811875602677331,-0.00817879349148102,0.585634512101227,45.99710505
-374.236140268118,-7.20318513008306,0.000836840148652391,-0.0085589160883727,1.03862898910163,46.29848644
-200.950781366698,-5.85497978177208,0.000827213181599289,-0.00841164965476558,0.686156365808077,46.59307597
-262.660589215277,-6.40414151314603,0.000774013763423822,-0.00761338919961923,0.820275874332935,46.88081725
-149.070690748284,-5.30178409840093,0.000742120732039514,-0.0071477088338927,0.562287164253796,47.16167315
-214.574813528952,-5.98564190565153,0.000735694775148009,-0.00705507303817753,0.71682941388571,47.43562541
-285.264851926973,-6.58255009673275,0.000823746249080709,-0.00835882401145252,0.866686778920577,47.70267417
-375.328917514855,-7.20902880919393,0.000744804064640099,-0.00718651048643367,1.040649803572,47.96283759
-181.868121614602,-5.66468720098057,0.000792680072951759,-0.00789045264111439,0.641999037436439,48.21615131
-147.146271723775,-5.27441834252498,0.00082955411007791,-0.00844738106180078,0.557437255680037,48.46266803
-128.927809268425,-5.04933409318582,0.000937534621450757,-0.0101492973880943,0.510419997876348,48.702457
-214.030598846335,-5.97961592138249,0.000854550044869239,-0.00883204470172292,0.715616834360767,48.9356035
-115.922762513843,-4.87147773065106,0.000764530219314999,-0.00747389497866904,0.475491007983004,49.16220835
-154.927556708697,-5.37074688027988,0.000798885683486663,-0.00798329107455439,0.576920241767579,49.38238737
-316.637134480645,-6.81345318232337,0.000794067984877272,-0.00791118492951959,0.929118700647895,49.59627084
-189.235284054628,-5.74102974787499,0.000816250113113772,-0.00824498534890401,0.659221565860916,49.80400294
-296.300262883861,-6.66503300784303,0.000812646491213901,-0.00819044509496133,0.88889679609479,50.00574125
-284.857998795359,-6.57728917807201,0.000752531507995571,-0.00729864161304115,0.865862464297325,50.20165613
-223.812522275923,-6.06879920248923,0.000802727591651249,-0.00804094872883933,0.73725808455006,50.39193018
-406.952650397685,-7.40895149788323,0.000755958058226697,-0.00734854837977741,1.09831245237935,50.57675768
-399.152347476477,-7.36160027595676,0.000762041344857623,-0.00743742858678726,1.08423256764201,50.756344
-271.515279525932,-6.47440241418949,0.00078424518301994,-0.00776484510419773,0.838608977767983,50.93090505
-381.009151023988,-7.24538962536323,0.000773999604492298,-0.00761318029222082,1.05112298420782,51.10066665
-196.902538913348,-5.81650467888101,0.000770143984114069,-0.0075563644737808,0.676909898128212,51.26586398
-248.721168444311,-6.28580486677896,0.000840203627136176,-0.00861056866919682,0.790991435023083,51.42674108
-305.110670697133,-6.73168610265558,0.000770160968401018,-0.00755661443995824,0.906431366964123,51.58355018
-202.456811423945,-5.86961012092874,0.000825877895173421,-0.0083912907633543,0.689580375512174,51.73655098
-196.793900229782,-5.81540589431763,0.000768322907494783,-0.00752957874166241,0.67666088980793,51.88601058
-293.154445055056,-6.64044744548187,0.000685111812705291,-0.00634011579811934,0.882593966595933,52.03220208
-297.037342551425,-6.67043574455928,0.000724872474950912,-0.00689997345647277,0.890370334436634,52.28714558
-228.149649281859,-6.10978043085048,0.00078036553642032,-0.00770729759574983,0.746752233462428,52.70485418
-476.336654750181,-7.8094386105519,0.000825353855403185,-0.00838330531104096,1.21984878193607,53.12891958
-278.350016015399,-6.52808714252852,0.000741266974934884,-0.00713537798667051,0.852623875080898,53.55903378
-436.888245792025,-7.58517621503429,0.000735920471000516,-0.00705831981018161,1.15153429262356,53.99488468
-295.223593386349,-6.65800645364532,0.000741999835062784,-0.00714596228302937,0.8867421830177,54.43615668
-243.694596385489,-6.24567593073958,0.000746952305812941,-0.00721762502099307,0.780298179829789,54.88253088
-517.001712579962,-8.02484449878746,0.000763396666766687,-0.0074572790656948,1.28832266176539,55.33368588
-528.605872043142,-8.08314113437376,0.000697864856810412,-0.00651796463214891,1.30752890801892,55.78929808
-326.106886119045,-6.88195749678057,0.000667029641269611,-0.00609077710794459,0.947552545551257,56.24904198
-530.920443371782,-8.09512826915811,0.000663094525701689,-0.00603695822116468,1.31134293023111,56.71259118
-322.926339210368,-6.8605116266915,0.000691044557448531,-0.00642264744012504,0.941381461905984,57.17961808
-455.049613436188,-7.68722303485897,0.000721950448045106,-0.00685829389676105,1.18322978836595,57.64979508
-432.241576034295,-7.56026064485688,0.000692087467136302,-0.00643719230925012,1.14335480017105,58.12279438
-165.091776630757,-5.48396908662882,0.000729136527884194,-0.00696094640938089,0.601885110548516,58.59828888
-259.511825152225,-6.37797414840632,0.000720023468248382,-0.00683085370771682,0.813707081617677,59.07595238
-462.010045381399,-7.72975074446032,0.000664873984406571,-0.00606127540162028,1.19526519030363,59.55546008
-421.566073954021,-7.49783151383807,0.00070171621534182,-0.00657199576779794,1.12445073002369,60.03648878
-492.44721557703,-7.89433743684935,0.000715324079024664,-0.0067640883736822,1.24720094917073,60.51871758
-682.165084287894,-8.80101166022175,0.000692580518924984,-0.00644407243803465,1.54984991336123,61.00182808
-395.056516356324,-7.33624616097728,0.000633842109431498,-0.00564191629965825,1.07680271545199,61.48550478
-756.378851053077,-9.10648487492425,0.000620913759168715,-0.00547018396899755,1.66031130046612,61.96943548
-589.104915875318,-8.38033797857559,0.000609460732230754,-0.00531953414624154,1.40548130608779,62.45331178
-554.19196358528,-8.20973390319423,0.000688027409869478,-0.00638063081465266,1.34938773121957,62.93682898
-913.750097619973,-9.70361093798387,0.000623597887139303,-0.00550569259228681,1.88328025510823,63.41968688
-724.680827081212,-8.97491509676884,0.000613637617936891,-0.00537431316911421,1.61359439386105,63.90159008
-461.994021348485,-7.72928700913747,0.000600629542461273,-0.00520433256396209,1.19523754521245,64.38224808
-945.525328424417,-9.81425168836583,0.000610909843309368,-0.00533851774536691,1.92669116463004,64.86137558
-556.475768343366,-8.22467227303231,0.000602055717599544,-0.00522287983838638,1.35309254069099,65.33869298
-759.627005304207,-9.12246180679847,0.000563519301695723,-0.0047295323543558,1.66506139311558,65.81392648
-743.850382232181,-9.05621565370154,0.000633519669583214,-0.00563761172433247,1.64192635064522,66.28680868
-418.869781016979,-7.47887977497645,0.000606875268748115,-0.00528572015010855,1.11965092509358,66.75707848
-820.371762814969,-9.35688965989758,0.000525267518709889,-0.00425623722521846,1.75268452639979,67.22448138
-766.643837805591,-9.15122842597492,0.000617703046649335,-0.00542780981601951,1.67529937153591,67.68877008
-693.254214220045,-8.84932859530786,0.00063198901375901,-0.00561719240061246,1.56660077862744,68.14970418
-837.776496381594,-9.4253379402146,0.000635253872640103,-0.00566077624076498,1.77738742692164,68.60705088
-631.723067308842,-8.57937931392151,0.000647669343560482,-0.00582753670756266,1.47247461434562,69.06058508
-1144.57230845111,-10.4587770062778,0.000629902767997352,-0.00558940117232883,2.18839382413444,69.51008938
-1026.78393527476,-10.0879661393708,0.00059989840158652,-0.00519483267754601,2.03555436205709,69.95535438
-892.322012629292,-9.62603391246483,0.000633332957637571,-0.00563511961885229,1.85372111255903,70.39617908
-824.384261491596,-9.37218363879252,0.000682986236613861,-0.00631063314953047,1.75839488902173,70.83237068
-943.500781708875,-9.80756688911636,0.000691165947297948,-0.00642433983384866,1.92393991493918,71.26374508
-982.425139556207,-9.93554076533381,0.000664197330682874,-0.00605202475013106,1.97649738526926,71.69012688
-1027.88178149255,-10.091761642997,0.00060844353806925,-0.00530622218619996,2.03700506005865,72.11134938
-1438.24830576774,-11.2873441969016,0.000713572657556914,-0.00673926148992442,2.54831186308316,72.52725508
-1787.50881904539,-12.1352321187431,0.000711779060088314,-0.00671386829414887,2.94574708420398,72.93769548
-1166.17624752544,-10.519393343606,0.000733747136482975,-0.00702707576014202,2.21584501828972,73.34253118
-1633.0500183587,-11.773830990907,0.000742922797496776,-0.00715929957170639,2.7735094266465,73.74163238
-1323.04572869371,-10.9730509093027,0.000741410384119324,-0.00713744875484349,2.41034859644113,74.13487838
-1326.23606238879,-10.9865617174616,0.000794351603251879,-0.00791542377850086,2.41422207915959,74.52215818
-1753.10309126522,-12.0563622939757,0.000806687904363289,-0.00810052793704223,2.90782520266162,74.90337028
-1773.43578918172,-12.1019409117675,0.000916420698670816,-0.00980838131184414,2.93026546844616,75.27842278
-1387.950308455,-11.1527386461686,0.000888023122016236,-0.00935602594352316,2.48854749876794,75.64723338
-1575.11678068887,-11.6297952449876,0.000819595055779511,-0.00829571839788588,2.70752073884634,76.00972958
-1763.96728021168,-12.080850042869,0.000892099722763675,-0.00942052514537928,2.91982624365358,76.36584858
-1402.46767774407,-11.1897281279421,0.00078322689626764,-0.00774972685732797,2.50587005890286,76.71553748
-1619.74579061171,-11.7413807399314,0.000830008274032999,-0.00845431916326586,2.75842528816681,77.05875278
-1681.4591886508,-11.8906930771364,0.000897985091465242,-0.00951390249686443,2.82805303143814,77.39546118
-1630.63539666628,-11.7676784814713,0.000887751699846696,-0.00935173680019226,2.77077480306166,77.72563878
-1434.67201967447,-11.2767007214393,0.000912210930526305,-0.0097408737437822,2.54408573480404,78.04927168
-1930.95328292068,-12.4495063558121,0.000831303260508087,-0.00847411263774775,3.1013051108319,78.36635548
-1205.80590801447,-10.6405618675323,0.000947219602054816,-0.0103069702349328,2.26576527368198,78.67689558
-1630.30841058183,-11.7692510828241,0.000937134911745244,-0.0101428074838062,2.77040444247462,78.98090708
-1760.36992002773,-12.0737981588416,0.000903918167398452,-0.00960834700804058,2.91585520720135,79.27841458
-1086.8832867132,-10.2807248161019,0.000933259322982919,-0.0100799531165745,2.1142285568124,79.56945198
-2321.4120292822,-13.2384061594501,0.000975107607431029,-0.010765490535817,3.50642705690571,79.85406308
-1436.28109592629,-11.2804030618612,0.00100230665021094,-0.0112190458880853,2.54598759614366,80.13230068
-2172.3758397794,-12.95064444713,0.000936036035734703,-0.0101249726666769,3.35469703335052,80.40422698
-1997.34875406331,-12.5914295119025,0.00110722085074811,-0.0130258595174808,3.17199571075801,80.66991348
-1867.20812895204,-12.3127643371261,0.000977284338003532,-0.0108015583182628,3.03266994120193,80.92944048
-2433.56219131632,-13.4499544823661,0.000948016141630334,-0.0103199740363027,3.61846987367794,81.18289748
-1748.26562292458,-12.0464481869105,0.00101071359242697,-0.0113604926730066,2.90247357277374,81.43038288
-2311.26898534849,-13.2191657646422,0.0010575487467433,-0.0121592167151037,3.49620575408582,81.67200348
-1634.25833723301,-11.7784956748442,0.00105101951073775,-0.0120467853958907,2.77487741064032,81.90787508
-2185.05178421358,-12.9714341535076,0.00101272693121448,-0.0113944546814554,3.36773405478542,82.13812168
-1315.04595466497,-10.9541577098903,0.000746679608022002,-0.00721367285958171,2.40062289538487,82.36287578
-1942.05430013338,-12.4748152893257,0.0009051577872257,-0.00962811889513589,3.11318004781699,82.58227768
-1852.18501427651,-12.2788621936665,0.000910334199500279,-0.00971082872984803,3.01638126318754,82.79647618
-2244.70983606457,-13.0902563299539,0.000912767199992664,-0.00974978513140024,3.42875765412302,83.00562748
-2184.05029368117,-12.9731599680925,0.000950312973920447,-0.0103575012440333,3.36670515332524,83.20989558
-3087.0892307799,-14.5592851103525,0.000979910493932496,-0.0108451264337317,4.24029542668173,83.40945208
-2570.47154661875,-13.6980240508617,0.000914086209879002,-0.00977092640558469,3.75294208722934,83.60447578
-2303.60180057366,-13.2038127593999,0.000989538682872419,-0.0110053579070019,3.48846944758178,83.79515258
-2570.63004385376,-13.696656671152,0.000984945885935743,-0.0109288272774399,3.75309632029371,83.98167528
-2118.56383285376,-12.8431362191902,0.000946788905130708,-0.0102999412275491,3.29906620923018,84.16424348
-2701.64652469921,-13.9256247848522,0.000953489603512454,-0.0104094779496796,3.87955883647432,84.34306328
-2708.92156594282,-13.9379174752401,0.000981146020986072,-0.0108656441286155,3.88652033633318,84.51834688
-2621.68449145173,-13.7846529673083,0.000992616018705242,-0.0110567356342529,3.80262582936072,84.69031288
-3696.95476470939,-15.4607779604639,0.000956551027632082,-0.0104596516373577,4.78181478765048,84.85918548
-2753.38079920501,-14.0140553380238,0.00101848438691054,-0.0114917606041216,3.92892897860107,85.02519478
-3089.82242334234,-14.5618188722877,0.000989894514207489,-0.0110112946176494,4.24279777934082,85.18857608
-2860.91948300601,-14.1960314241861,0.00104183628095803,-0.0118892435162664,4.03057573363245,85.34956998
-3308.95323722525,-14.8971805726068,0.000959453388387095,-0.0105072926390715,4.44109842521885,85.50842208
-2571.73095193551,-13.7001237038048,0.000965694339283135,-0.0106099792639882,3.75416782461106,85.66538258
-4008.64909137143,-15.8843679335866,0.00102106588458728,-0.0115354796024671,5.04694635468584,85.82070618
-5072.81880730729,-17.179958851654,0.00101659788745362,-0.0114598467745579,5.90467808143099,85.97465198
-3450.54904014641,-15.1105981260969,0.00107116671174264,-0.0123948309611795,4.56690661863406,86.12748288
-3928.08455486024,-15.7757293002143,0.000998721063859728,-0.0111588983356764,4.97909648428665,86.27946568
-3349.80060469269,-14.9608079691745,0.00103093864183365,-0.011703189409426,4.47757254111837,86.73656638
-4050.77474551704,-15.9408366088788,0.00109622510682269,-0.0128323035172966,5.08224259166111,87.37240228
-3527.80273968621,-15.2223920546435,0.00100885848435424,-0.0113292297119293,4.63481984051593,88.00945868
-4268.67605915573,-16.219922185088,0.000984757357446434,-0.0109256895974032,5.26290412690463,88.64749668
-3226.05513170586,-14.7735154507113,0.000948137150041837,-0.0103219500227213,4.36661108748873,89.28627838
-3250.39283041207,-14.8123271996907,0.00106293014649875,-0.0122521440254019,4.38854506835649,89.92556738
-3520.00444421095,-15.2103468102354,0.00100466597571517,-0.0112586818874783,4.627987049168,90.56512888
-2957.24510446361,-14.3534681132548,0.00102659201366692,-0.011629253258352,4.12054704236403,91.20472978
-4172.24772770666,-16.0982836011194,0.0010557376425856,-0.0121279952166048,5.18334425123169,91.84413958
-2221.00586107401,-13.0460256787534,0.000728620656263773,-0.00695356030544139,3.40457676164958,92.48312968
-3269.09059335334,-14.8406000541687,0.000804485674182084,-0.00806737934349637,4.40535893342741,93.12147488
-3730.08494226711,-15.5085844043342,0.000833748270164606,-0.0085115259060666,4.81034040222365,93.75895258
-3699.18199925945,-15.4648635396805,0.000843234534768707,-0.00865720265025946,4.78373515842628,94.39534348
-3387.27137900573,-15.0174315592578,0.000841270862034207,-0.00862697972241574,4.51090128804295,95.03043218
-3882.23396459898,-15.7149369951389,0.00077865131764117,-0.00768191576761104,4.94027505860024,95.66400668
-3165.2373710952,-14.6815968978362,0.000869844280802743,-0.00907020859559093,4.31155752206292,96.29585938
-3408.32107199061,-15.0471532832709,0.000795778153652648,-0.00793675592863907,4.52957016670488,96.92578698
-4447.47234527482,-16.4421313126197,0.000761994303520005,-0.00743673992101819,5.40885691709037,97.55359048
-4722.79003543684,-16.7775457307979,0.000821764198122032,-0.00832867339273454,5.62983613824199,98.17907618
-3624.45763410454,-15.3607656929052,0.000754435281722793,-0.00732635556287018,4.71909457175271,98.80205508
-3663.49579858776,-15.4103514161249,0.000707084049207287,-0.0066475493056511,4.75291924805873,99.42234358
-3346.65479006695,-14.9552188600444,0.00068652676990643,-0.00635976724010277,4.4747687905904,100.03976378
-3812.79444724264,-15.6191165772908,0.000647180330744984,-0.00582093796755318,4.88118852540974,100.65414338
-3405.19945426038,-15.0427576159421,0.000645943714219607,-0.00580426218061755,4.52680405240538,101.26531598
-4515.58579095316,-16.5285583111163,0.000589276938029124,-0.00505747999824602,5.46394175095617,101.87312168
-4394.20461304648,-16.3790904628327,0.000633506981068299,-0.00563744235517867,5.36558211980585,102.47740658
-4407.17896508135,-16.3937415260583,0.00061024436674658,-0.00532979708715497,5.37613853662977,103.07802368
-4696.00710809778,-16.7454355650673,0.000554626983946507,-0.00461802733680193,5.60853144588535,103.67483258
-4396.20926286404,-16.3772510942102,0.000626229294827886,-0.00554057804058809,5.36721367227459,104.26769988
-4519.14625368826,-16.5316282746718,0.000633601913754986,-0.00563870958110218,5.4668135058706,104.85649938
-3877.80172014026,-15.7066978722917,0.000640324628051603,-0.00572868991783769,4.93651410019994,105.44111218
-4171.26127835759,-16.0951612875706,0.000646402104863078,-0.00581044171963582,5.1825271706224,106.02142668
-5282.48797474452,-17.4129311497511,0.000686131870258373,-0.0063542806907599,6.06627835665327,106.59733908
-5035.97422278529,-17.139938840871,0.000644730115237566,-0.00578791229197922,5.87605241284836,107.16875338
-5732.16228858666,-17.895575621388,0.000676713786302514,-0.00622389909431355,6.40583350427724,107.73558138
-4281.04925002417,-16.2324063206957,0.000674825054387804,-0.00619786060511071,5.27306905798379,108.29774298
-4996.1496319193,-17.0923695094207,0.000659809473075759,-0.00599215207092942,5.84503272802456,108.85516618
-3706.78200286909,-15.475211060186,0.000764642609833447,-0.00747554310016588,4.79028506489188,109.40778728
-5199.96145153216,-17.3242709639388,0.000851627841868699,-0.00878678061738,6.00293183157656,109.95555108
-3700.3827043717,-15.4647414508719,0.000799629377190084,-0.0079944413017851,4.7847702029837,110.49841078
-5044.04727144571,-17.1487143249508,0.000738830183768368,-0.007100222378523,5.88233056812971,111.03632808
-3467.32335152587,-15.1354116253101,0.000721321787936057,-0.00684933774830759,4.58169552888998,111.56927338
-3497.42593141607,-15.1766510339317,0.000754735058541311,-0.00733072271545574,4.60817546161632,112.09722588
-3502.33858774991,-15.1857571588022,0.000731592673620402,-0.00699614864299846,4.61248975750298,112.62017348
-2649.69075935454,-13.8372644155777,0.000855876554813607,-0.00885261752912131,3.82965915496451,113.13811298
-4168.02545175321,-16.0918830632753,0.000974625235302612,-0.0107575032199452,5.17984664781546,113.65104998
-4786.19373110019,-16.8501438050972,0.000847201297605222,-0.00871836254874866,5.68011123735217,114.15899918
-3696.6581828851,-15.4619691776126,0.000930907010163933,-0.0100418668303738,4.78155907180304,114.66198408
-4476.54949514731,-16.4806904618385,0.000950153636745877,-0.0103548964268694,5.43240644840313,115.16003718
-4454.43440960496,-16.453520830612,0.00101811818492899,-0.01148556326598,5.41450020629044,115.65319998
-3179.57265190843,-14.7000927621515,0.00110581065975155,-0.0130009822302773,4.32456548244355,116.14152298
-3959.35668597484,-15.8185530191419,0.000980574831576543,-0.0108561571032121,5.00548785883098,116.62506548
-4229.69034675287,-16.171455063104,0.00106707819255108,-0.0123239342727835,5.23081119570094,117.10389608
-4472.13891638932,-16.4737756071344,0.0012907393753662,-0.0163950537533074,5.4288376021131,117.57809188
-4957.12548713072,-17.0502571773289,0.00132546581527263,-0.0170611304520964,5.81455662380323,118.04773918
-5360.64821490074,-17.4969073904145,0.00125483962243198,-0.0157158306977827,6.12596984198922,118.51293298
-3597.99776025079,-15.3220810698598,0.00108252899989393,-0.0125925683202454,4.69609910317868,118.97377718
-6152.15225439824,-18.3205782747317,0.0013764184664635,-0.0180543036505854,6.71503128456299,119.43038418
-4183.30980047731,-16.1122227908329,0.0013885643866011,-0.0182938047763356,5.19250209778636,119.88287518
-3043.14631567106,-14.4903356850427,0.00143715381345385,-0.0192623772390424,4.19996061033661,120.33137988
-3941.74947254229,-15.7964216442009,0.0011583768469801,-0.0139389419438572,4.99063729512457,120.77603648
-6883.9605457834,-19.0229742923647,0.00151788061590532,-0.0209079488418125,7.23750556577353,121.21699168
-4482.83386962462,-16.4879307389192,0.00162750379691938,-0.0232133608306257,5.43748942091948,121.65439998
-4441.53335645636,-16.4342403608452,0.0017252979962495,-0.0253367661705442,5.40404061894969,122.08842458
-3629.66766164288,-15.3680944623532,0.00189812218796746,-0.0292375687172965,4.72361584147683,122.51923618
-3215.46300731786,-14.7586122494904,0.0018487019840988,-0.0281031736878142,4.35704794885998,122.94701368
-2801.43107724053,-14.0947390318837,0.00179391829498705,-0.0268632772871819,3.97450717358928,123.37194358
-4310.2477201581,-16.2731393694097,0.00160406924348907,-0.0227137935500202,5.29701840502742,123.79421988
